[{"type":"wrapper","sort_order":"1","specific_class":"header2 container","id_unique":"it_OSGRFDGBQYAL","child":[{"type":"row","sort_order":"2","specific_class":"","id_unique":"it_LAGUSRPRHQXO","child":[{"type":"col","sort_order":"1","specific_class":"padding","col_xs":"col-xs-12","col_sm":"col-sm-4","col_md":"col-md-4","col_lg":"col-lg-4","id_unique":"it_QEYYFFYPFZXI","child":[{"type":"module","sort_order":"1","specific_class":"","module_name":"blockcurrencies","id_unique":"it_YWNABFFDITIP","origin_hook":"displayNav","child":false},{"type":"module","sort_order":"2","specific_class":"","module_name":"blocklanguages","id_unique":"it_ARCGIJQDOGLV","origin_hook":"displayNav","child":false},{"type":"module","sort_order":"3","specific_class":"","module_name":"blockcontact","id_unique":"it_IWLTKZNRUHVB","origin_hook":"displayNav","child":false}]},{"type":"col","sort_order":"2","specific_class":"text-center","col_xs":"col-xs-12","col_sm":"col-sm-4","col_md":"col-md-4","col_lg":"col-lg-4","id_unique":"it_PAHVHOUTXBRM","child":[{"type":"block","sort_order":"1","specific_class":"","module_name":"logo","id_unique":"it_VBPCNRHDVYVT","child":false}]},{"type":"col","sort_order":"3","specific_class":"text-right padding","col_xs":"col-xs-12","col_sm":"col-sm-4","col_md":"col-md-4","col_lg":"col-lg-4","id_unique":"it_NWOZNHNXREHO","child":[{"type":"module","sort_order":"1","specific_class":"","module_name":"blockpermanentlinks","id_unique":"it_TXNSBSLAEUFT","origin_hook":"displayTop","child":false},{"type":"module","sort_order":"2","specific_class":"","module_name":"blockcart","id_unique":"it_XIUYGCFGDEWQ","origin_hook":"displayTop","child":false},{"type":"module","sort_order":"3","specific_class":"","module_name":"tmsearch","id_unique":"it_NYFXRRDDAZZJ","origin_hook":"displayTop","child":false},{"type":"module","sort_order":"4","specific_class":"","module_name":"tmheaderaccount","id_unique":"it_ZFAHCIFWWCVC","origin_hook":"displayNav","child":false},{"type":"module","sort_order":"5","specific_class":"","module_name":"tmmegamenu","id_unique":"it_ZRBJWEMMNSDU","origin_hook":"displayTop","child":false}]}]},{"type":"row","sort_order":"1","specific_class":"","id_unique":"it_NOBVIDCNVDXJ","child":false}]},{"type":"wrapper","sort_order":"2","specific_class":"","id_unique":"it_GJBHHXAINLAM","child":[{"type":"row","sort_order":"1","specific_class":"","id_unique":"it_NXLEZALAAOPT","child":[{"type":"col","sort_order":"1","specific_class":"","col_xs":"col-xs-12","col_sm":"","col_md":"","col_lg":"","id_unique":"it_ABVPDXDWWNPL","child":[{"type":"module","sort_order":"1","specific_class":"","module_name":"pagesnotfound","id_unique":"it_VCEULBCUBHXP","origin_hook":"displayTop","child":false},{"type":"module","sort_order":"3","specific_class":"","module_name":"sekeywords","id_unique":"it_QTCQUWBHEBOP","origin_hook":"displayTop","child":false}]}]}]}]