[{"type":"wrapper","sort_order":"1","specific_class":"container header1","id_unique":"it_YKEOJEDNKZMV","child":[{"type":"row","sort_order":"1","specific_class":"","id_unique":"it_CQDIHCMLQHGN","child":[{"type":"col","sort_order":"1","specific_class":"","col_xs":"col-xs-6","col_sm":"col-sm-6","col_md":"col-md-6","col_lg":"col-lg-6","id_unique":"it_DXZCUVIEYDTT","child":false},{"type":"col","sort_order":"3","specific_class":"text-right","col_xs":"col-xs-6","col_sm":"col-sm-6","col_md":"col-md-6","col_lg":"col-lg-6","id_unique":"it_AAKJRLLGPYAI","child":false}]},{"type":"row","sort_order":"2","specific_class":"static","id_unique":"it_EBYNMBFMLKJU","child":[{"type":"col","sort_order":"1","specific_class":"block-account-search","col_xs":"col-xs-12","col_sm":"col-sm-4","col_md":"col-md-4","col_lg":"col-lg-4","id_unique":"it_LNYXAAHABFUQ","child":[{"type":"module","sort_order":"3","specific_class":"","module_name":"blockcontact","id_unique":"it_XVMGPDGQKXWW","origin_hook":"displayNav","child":false},{"type":"module","sort_order":"1","specific_class":"","module_name":"blockcurrencies","id_unique":"it_VGQRQGXDEGZX","origin_hook":"displayNav","child":false},{"type":"module","sort_order":"2","specific_class":"","module_name":"blocklanguages","id_unique":"it_UBDLUJCPJSNA","origin_hook":"displayNav","child":false}]},{"type":"col","sort_order":"2","specific_class":"text-center","col_xs":"col-xs-12","col_sm":"col-sm-4","col_md":"col-md-4","col_lg":"col-lg-4","id_unique":"it_DAZMPJEKAPYF","child":[{"type":"block","sort_order":"1","specific_class":"","module_name":"logo","id_unique":"it_LSZWIFFGJLWE","child":false}]},{"type":"col","sort_order":"3","specific_class":"block-cart-res text-right","col_xs":"col-xs-12","col_sm":"col-sm-4","col_md":"col-md-4","col_lg":"col-lg-4","id_unique":"it_XOTXRKTQTRIP","child":[{"type":"module","sort_order":"2","specific_class":"","module_name":"blockcart","id_unique":"it_EIWRWYFIBYPY","origin_hook":"displayTop","child":false},{"type":"module","sort_order":"3","specific_class":"","module_name":"tmsearch","id_unique":"it_AKLBYFFCNOSP","origin_hook":"displayTop","child":false},{"type":"module","sort_order":"4","specific_class":"","module_name":"tmheaderaccount","id_unique":"it_MYIANZAVVWHN","origin_hook":"displayNav","child":false},{"type":"module","sort_order":"1","specific_class":"","module_name":"blockpermanentlinks","id_unique":"it_EIUCTHZVZGMQ","origin_hook":"displayTop","child":false}]}]},{"type":"row","sort_order":"3","specific_class":"","id_unique":"it_VFJXNONTATMT","child":[{"type":"col","sort_order":"1","specific_class":"block-menu","col_xs":"col-xs-12","col_sm":"col-sm-12","col_md":"col-md-12","col_lg":"col-lg-12","id_unique":"it_IAQNNAITRNPE","child":[{"type":"module","sort_order":"1","specific_class":"","module_name":"tmmegamenu","id_unique":"it_ZBHUYRPHTIQN","origin_hook":"displayTop","child":false}]}]}]}]