[{"type":"wrapper","sort_order":"1","specific_class":"container","id_unique":"it_UNMBWOSDKJPM","child":[{"type":"row","sort_order":"1","specific_class":"","id_unique":"it_MJLHNMZNBWIJ","child":[{"type":"col","sort_order":"1","specific_class":"","col_xs":"col-xs-12","col_sm":"col-sm-12","col_md":"col-md-12","col_lg":"col-lg-12","id_unique":"it_XFAYDVTTTPHT","child":[{"type":"module","sort_order":"1","specific_class":"","module_name":"tmmosaicproducts","id_unique":"it_NHEJNHZRWYKN","origin_hook":"displayTopColumn","child":false}]}]}]}]