[{"type":"wrapper","sort_order":"1","specific_class":"footer3","id_unique":"it_DQCDAVPHPZJR","child":[{"type":"row","sort_order":"1","specific_class":"full-width","id_unique":"it_CGIQMSMXPZOY","child":[{"type":"col","sort_order":"5","specific_class":"container static","col_xs":"col-xs-12","col_sm":"col-sm-12","col_md":"col-md-12","col_lg":"col-lg-12","id_unique":"it_LNZPKLIGZOBR","child":[{"type":"row","sort_order":"1","specific_class":"","id_unique":"it_DNQVUXQGZTJO","child":[{"type":"col","sort_order":"1","specific_class":"static","col_xs":"col-xs-12","col_sm":"col-sm-3","col_md":"col-md-3","col_lg":"col-lg-3","id_unique":"it_FLJKSBTEKZVI","child":[{"type":"module","sort_order":"1","specific_class":"","module_name":"blockcms","id_unique":"it_NAOQVSIATXZT","origin_hook":"displayFooter","child":false}]},{"type":"col","sort_order":"2","specific_class":"","col_xs":"col-xs-12","col_sm":"col-sm-3","col_md":"col-md-3","col_lg":"col-lg-3","id_unique":"it_FRDGIHIOVJAW","child":[{"type":"module","sort_order":"1","specific_class":"","module_name":"blockcategories","id_unique":"it_EJJYQXIASGGJ","origin_hook":"displayFooter","child":false}]},{"type":"col","sort_order":"3","specific_class":"","col_xs":"col-xs-12","col_sm":"col-sm-3","col_md":"col-md-3","col_lg":"col-lg-3","id_unique":"it_IZCMBUFOKCHH","child":[{"type":"module","sort_order":"1","specific_class":"","module_name":"blockmyaccountfooter","id_unique":"it_DVMEPAXVZGLX","origin_hook":"displayFooter","child":false}]},{"type":"col","sort_order":"4","specific_class":"","col_xs":"col-xs-12","col_sm":"col-sm-3","col_md":"col-md-3","col_lg":"col-lg-3","id_unique":"it_VQODUTVZUUNZ","child":[{"type":"module","sort_order":"1","specific_class":"","module_name":"blocknewsletter","id_unique":"it_VYTOOFSWLIZK","origin_hook":"displayFooter","child":false}]}]}]}]}]},{"type":"wrapper","sort_order":"2","specific_class":"footer3 wrap3","id_unique":"it_LYGKVAWOXIPH","child":[{"type":"row","sort_order":"1","specific_class":"","id_unique":"it_FTODULYRGFBO","child":[{"type":"col","sort_order":"1","specific_class":"","col_xs":"col-xs-12","col_sm":"col-sm-12","col_md":"col-md-12","col_lg":"col-lg-12","id_unique":"it_AKHCMYHRIMXK","child":[{"type":"module","sort_order":"2","specific_class":"","module_name":"tmolarkchat","id_unique":"it_BOXVBMZPQHTZ","origin_hook":"displayFooter","child":false},{"type":"module","sort_order":"3","specific_class":"","module_name":"themeconfigurator","id_unique":"it_OOEESEJGSQJG","origin_hook":"displayFooter","child":false},{"type":"module","sort_order":"4","specific_class":"","module_name":"statsdata","id_unique":"it_RINKTJXJFXDD","origin_hook":"displayFooter","child":false},{"type":"module","sort_order":"5","specific_class":"","module_name":"blocklayered","id_unique":"it_IYNPDWYUJPCZ","origin_hook":"displayFooter","child":false},{"type":"module","sort_order":"1","specific_class":"","module_name":"tmnewsletter","id_unique":"it_ZVIASFTALBBZ","origin_hook":"displayFooter","child":false}]}]}]}]