[{"type":"wrapper","sort_order":"1","specific_class":"topColumn1","id_unique":"it_FWTNNLYANXUM","child":[{"type":"row","sort_order":"1","specific_class":"","id_unique":"it_GXFVXVAPIXPT","child":[{"type":"col","sort_order":"1","specific_class":"","col_xs":"col-xs-12","col_sm":"col-sm-12","col_md":"col-md-12","col_lg":"col-lg-12","id_unique":"it_DAHJGFQULUJM","child":[{"type":"module","sort_order":"1","specific_class":"","module_name":"themeconfigurator","id_unique":"it_LIDDYOPGLWIJ","origin_hook":"displayTopColumn","child":false}]}]}]}]