[{"type":"wrapper","sort_order":"1","specific_class":"footer1 wrap1","id_unique":"it_BAXENPRFNFSZ","child":[{"type":"row","sort_order":"1","specific_class":"","id_unique":"it_TGANCHMXUPBD","child":[{"type":"col","sort_order":"1","specific_class":"","col_xs":"col-xs-12","col_sm":"col-sm-12","col_md":"col-md-12","col_lg":"col-lg-12","id_unique":"it_YKCHAWVHCOQT","child":[{"type":"module","sort_order":"1","specific_class":"","module_name":"blocknewsletter","id_unique":"it_CGAKVAACDDND","origin_hook":"displayFooter","child":false}]}]}]},{"type":"wrapper","sort_order":"3","specific_class":"footer1 wrap2 container","id_unique":"it_RUPGZPVBAPHW","child":[{"type":"row","sort_order":"1","specific_class":"","id_unique":"it_BGUAZEAKGWXY","child":[{"type":"col","sort_order":"1","specific_class":"static","col_xs":"col-xs-12","col_sm":"col-sm-12","col_md":"col-md-12","col_lg":"col-lg-12","id_unique":"it_IKJVNFZRTGDT","child":[{"type":"module","sort_order":"1","specific_class":"","module_name":"blockmyaccountfooter","id_unique":"it_SJRUFLLYEGKH","origin_hook":"displayFooter","child":false},{"type":"module","sort_order":"2","specific_class":"","module_name":"blockcms","id_unique":"it_NUGGZNSXOCDJ","origin_hook":"displayFooter","child":false}]}]}]},{"type":"wrapper","sort_order":"4","specific_class":"footer1 wrap3","id_unique":"it_VAJVWBIWYRAD","child":[{"type":"row","sort_order":"1","specific_class":"","id_unique":"it_DLOCGVAWOPUB","child":[{"type":"col","sort_order":"1","specific_class":"","col_xs":"col-xs-12","col_sm":"col-sm-12","col_md":"col-md-12","col_lg":"col-lg-12","id_unique":"it_ULUUYWYKQFIW","child":[{"type":"module","sort_order":"1","specific_class":"","module_name":"tmnewsletter","id_unique":"it_VXAETTRHEEVU","origin_hook":"displayFooter","child":false},{"type":"module","sort_order":"2","specific_class":"","module_name":"blocklayered","id_unique":"it_BYBMJQUALXNH","origin_hook":"displayFooter","child":false},{"type":"module","sort_order":"3","specific_class":"","module_name":"statsdata","id_unique":"it_RUNWVKJJAUTG","origin_hook":"displayFooter","child":false},{"type":"module","sort_order":"4","specific_class":"","module_name":"themeconfigurator","id_unique":"it_UKWACLZQTOGY","origin_hook":"displayFooter","child":false},{"type":"module","sort_order":"5","specific_class":"","module_name":"tmolarkchat","id_unique":"it_OSIHNVPXVEVM","origin_hook":"displayFooter","child":false}]}]}]},{"type":"wrapper","sort_order":"2","specific_class":"footer1 wrap4","id_unique":"it_HIPXHEBLKWCR","child":[{"type":"row","sort_order":"1","specific_class":"","id_unique":"it_TFEVWIVXKQXS","child":[{"type":"col","sort_order":"1","specific_class":"","col_xs":"col-xs-12","col_sm":"col-sm-12","col_md":"col-md-12","col_lg":"col-lg-12","id_unique":"it_BPCVOBFGBLMR","child":[{"type":"module","sort_order":"1","specific_class":"","module_name":"tmgooglemap","id_unique":"it_PRKKKPDZHWYD","origin_hook":"displayFooter","child":false}]}]}]}]