[{"type":"wrapper","sort_order":"1","specific_class":"footer2 wrap2 bg-newsletter","id_unique":"it_CHEODFAVARGP","child":[{"type":"row","sort_order":"1","specific_class":"full-width","id_unique":"it_YAMKOXMABZTC","child":[{"type":"col","sort_order":"1","specific_class":"container","col_xs":"col-xs-12","col_sm":"col-sm-12","col_md":"col-md-12","col_lg":"col-lg-12","id_unique":"it_BJECXUAKFTIU","child":[{"type":"module","sort_order":"1","specific_class":"","module_name":"blocknewsletter","id_unique":"it_EFECWXAWNOVG","origin_hook":"displayFooter","child":false}]}]}]},{"type":"wrapper","sort_order":"2","specific_class":"footer2 container wrap1","id_unique":"it_AJZURVYVRDGI","child":[{"type":"row","sort_order":"1","specific_class":"","id_unique":"it_JBANRRXXBPVP","child":[{"type":"col","sort_order":"1","specific_class":"static","col_xs":"col-xs-12","col_sm":"col-sm-3","col_md":"col-md-3","col_lg":"col-lg-3","id_unique":"it_BBHVIAAJEIPQ","child":[{"type":"module","sort_order":"1","specific_class":"","module_name":"blockcms","id_unique":"it_BFTCLCFONHBS","origin_hook":"displayFooter","child":false}]},{"type":"col","sort_order":"2","specific_class":"","col_xs":"col-xs-12","col_sm":"col-sm-3","col_md":"col-md-3","col_lg":"col-lg-3","id_unique":"it_GKYOSQYMLOTX","child":[{"type":"module","sort_order":"1","specific_class":"","module_name":"blockcategories","id_unique":"it_WCRYBTCFWLJJ","origin_hook":"displayFooter","child":false}]},{"type":"col","sort_order":"3","specific_class":"","col_xs":"col-xs-12","col_sm":"col-sm-3","col_md":"col-md-3","col_lg":"col-lg-3","id_unique":"it_BAPUEBNHZJNF","child":[{"type":"module","sort_order":"1","specific_class":"","module_name":"blockmyaccountfooter","id_unique":"it_EAQPFXHCAYBT","origin_hook":"displayFooter","child":false}]},{"type":"col","sort_order":"4","specific_class":"","col_xs":"col-xs-12","col_sm":"col-sm-3","col_md":"col-md-3","col_lg":"col-lg-3","id_unique":"it_LRBHHDESDLYM","child":[{"type":"module","sort_order":"1","specific_class":"","module_name":"tmhtmlcontent","id_unique":"it_XPYNBQRHRWFI","origin_hook":"displayFooter","child":false}]}]}]},{"type":"wrapper","sort_order":"3","specific_class":"","id_unique":"it_AZEWXFGJWBKZ","child":[{"type":"row","sort_order":"1","specific_class":"","id_unique":"it_UPGJMFKIFGYH","child":[{"type":"col","sort_order":"1","specific_class":"","col_xs":"col-xs-12","col_sm":"col-sm-12","col_md":"col-md-12","col_lg":"col-lg-12","id_unique":"it_KLFJXIBHGROG","child":[{"type":"module","sort_order":"1","specific_class":"","module_name":"tmnewsletter","id_unique":"it_XGHRHIGHKSBO","origin_hook":"displayFooter","child":false},{"type":"module","sort_order":"2","specific_class":"","module_name":"statsdata","id_unique":"it_MMHXXHNRJFXN","origin_hook":"displayFooter","child":false},{"type":"module","sort_order":"3","specific_class":"","module_name":"tmolarkchat","id_unique":"it_TDMKRXIOFSWH","origin_hook":"displayFooter","child":false},{"type":"module","sort_order":"4","specific_class":"","module_name":"blocklayered","id_unique":"it_NETXIHFUFGBW","origin_hook":"displayFooter","child":false},{"type":"module","sort_order":"5","specific_class":"","module_name":"themeconfigurator","id_unique":"it_XMHYHDRBMTSV","origin_hook":"displayFooter","child":false}]}]}]}]