[{"type":"wrapper","sort_order":"3","specific_class":"","id_unique":"it_QZNYONYMYKMG","child":[{"type":"row","sort_order":"1","specific_class":"","id_unique":"it_ITRMDOMDNTRL","child":[{"type":"col","sort_order":"1","specific_class":"","col_xs":"col-xs-12","col_sm":"col-sm-12","col_md":"col-md-12","col_lg":"col-lg-12","id_unique":"it_ECKNAGEHAPSX","child":[{"type":"module","sort_order":"1","specific_class":"","module_name":"themeconfiglink","id_unique":"it_EUMAEILKFMVX","origin_hook":"displayTop","child":false},{"type":"module","sort_order":"2","specific_class":"","module_name":"pagesnotfound","id_unique":"it_CMVQYDUQWESW","origin_hook":"displayTop","child":false},{"type":"module","sort_order":"3","specific_class":"","module_name":"sekeywords","id_unique":"it_OHVWAOVVUOND","origin_hook":"displayTop","child":false}]}]}]},{"type":"wrapper","sort_order":"2","specific_class":"header3 container","id_unique":"it_FXWJKYKUGPOB","child":[{"type":"row","sort_order":"1","specific_class":"static","id_unique":"it_CBJQUATOVRFP","child":[{"type":"col","sort_order":"1","specific_class":"","col_xs":"col-xs-12","col_sm":"col-sm-3","col_md":"col-md-3","col_lg":"col-lg-3","id_unique":"it_QWXNKKIOAXUN","child":[{"type":"block","sort_order":"1","specific_class":"","module_name":"logo","id_unique":"it_WVEIMLTCDIUX","child":false}]},{"type":"col","sort_order":"2","specific_class":"padding static","col_xs":"col-xs-12","col_sm":"col-sm-9","col_md":"col-md-9","col_lg":"col-lg-9","id_unique":"it_XLLZMYUMFQNX","child":[{"type":"row","sort_order":"1","specific_class":"","id_unique":"it_TUJEGHSWQNQS","child":[{"type":"col","sort_order":"1","specific_class":"","col_xs":"col-xs-12","col_sm":"col-sm-12","col_md":"col-md-5","col_lg":"col-lg-5","id_unique":"it_YWUGVFEQXTNM","child":[{"type":"module","sort_order":"1","specific_class":"","module_name":"blockcurrencies","id_unique":"it_CUCTMCGLWDEK","origin_hook":"displayNav","child":false},{"type":"module","sort_order":"2","specific_class":"","module_name":"blocklanguages","id_unique":"it_LIOYHZKZOODI","origin_hook":"displayNav","child":false}]},{"type":"col","sort_order":"2","specific_class":"text-right","col_xs":"col-xs-12","col_sm":"col-sm-12","col_md":"col-md-7","col_lg":"col-lg-7","id_unique":"it_OCETUWEBTSPT","child":[{"type":"module","sort_order":"1","specific_class":"","module_name":"blockpermanentlinks","id_unique":"it_PDAGYCKYYJEY","origin_hook":"displayTop","child":false}]}]},{"type":"row","sort_order":"2","specific_class":"margin static","id_unique":"it_UAHAPGLNATGR","child":[{"type":"col","sort_order":"2","specific_class":"","col_xs":"col-xs-12","col_sm":"col-sm-12","col_md":"col-md-9","col_lg":"col-lg-9","id_unique":"it_BPQTOWVUTORT","child":[{"type":"module","sort_order":"1","specific_class":"","module_name":"tmmegamenu","id_unique":"it_BEVMSGVSRKNG","origin_hook":"displayTop","child":false}]},{"type":"col","sort_order":"1","specific_class":"static float-right","col_xs":"col-xs-12","col_sm":"col-sm-12","col_md":"col-md-3","col_lg":"col-lg-3","id_unique":"it_OBTNSWTCWLML","child":[{"type":"module","sort_order":"1","specific_class":"","module_name":"blockcart","id_unique":"it_PBPBTHXUHDZN","origin_hook":"displayTop","child":false},{"type":"module","sort_order":"3","specific_class":"","module_name":"tmheaderaccount","id_unique":"it_KXGGHTWKGHYM","origin_hook":"displayNav","child":false},{"type":"module","sort_order":"2","specific_class":"","module_name":"tmsearch","id_unique":"it_LCVQUSFRAKTX","origin_hook":"displayTop","child":false}]}]}]}]}]}]