[{"type":"wrapper","sort_order":"1","specific_class":"home3 wrap1","id_unique":"it_RZMDJKVMOKEH","child":[{"type":"row","sort_order":"1","specific_class":"full-width","id_unique":"it_ZCVFBGQSIVOX","child":[{"type":"col","sort_order":"1","specific_class":"container","col_xs":"col-xs-12","col_sm":"col-sm-12","col_md":"col-md-12","col_lg":"col-lg-12","id_unique":"it_HNUQBHTXGUTN","child":[{"type":"module","sort_order":"1","specific_class":"","module_name":"tmhtmlcontent","id_unique":"it_LIDOEJAQUFDS","origin_hook":"displayHome","child":false}]}]}]},{"type":"wrapper","sort_order":"2","specific_class":"home3 wrap2","id_unique":"it_EREYYFXYMJWK","child":[{"type":"row","sort_order":"1","specific_class":"","id_unique":"it_LXSGNAQPMYTW","child":[{"type":"col","sort_order":"1","specific_class":"","col_xs":"col-xs-12","col_sm":"col-sm-12","col_md":"col-md-12","col_lg":"col-lg-12","id_unique":"it_GASIKDBHSOAJ","child":[{"type":"module","sort_order":"1","specific_class":"","module_name":"tmcategoryproducts","id_unique":"it_KLWZUUFNWDSE","origin_hook":"displayHome","child":false}]}]}]},{"type":"wrapper","sort_order":"3","specific_class":"home3 wrap3","id_unique":"it_HFXGBRFRGATI","child":[{"type":"row","sort_order":"1","specific_class":"full-width","id_unique":"it_LOGLORIIQKXN","child":[{"type":"col","sort_order":"1","specific_class":"container","col_xs":"col-xs-12","col_sm":"col-sm-12","col_md":"col-md-12","col_lg":"col-lg-12","id_unique":"it_NWWXLTAXYGXZ","child":[{"type":"module","sort_order":"1","specific_class":"","module_name":"themeconfigurator","id_unique":"it_HKWRODTMLZPL","origin_hook":"displayHome","child":false}]}]}]}]