[{"type":"wrapper","sort_order":"1","specific_class":"home2 wrap1","id_unique":"it_OIZLKPNWTVNY","child":[{"type":"row","sort_order":"1","specific_class":"full-width","id_unique":"it_UXWNBFFIRXSE","child":[{"type":"col","sort_order":"1","specific_class":"container","col_xs":"col-xs-12","col_sm":"col-sm-12","col_md":"col-md-12","col_lg":"col-lg-12","id_unique":"it_SODTCERKRESI","child":[{"type":"module","sort_order":"1","specific_class":"","module_name":"tmhtmlcontent","id_unique":"it_VFSEJJUYIGJX","origin_hook":"displayHome","child":false}]}]}]},{"type":"wrapper","sort_order":"2","specific_class":"home2 wrap2","id_unique":"it_LMZUVFPPAUIO","child":[{"type":"row","sort_order":"1","specific_class":"","id_unique":"it_BDZDOLDQGMQN","child":[{"type":"col","sort_order":"1","specific_class":"","col_xs":"col-xs-12","col_sm":"col-sm-12","col_md":"col-md-12","col_lg":"col-lg-12","id_unique":"it_AZYNIYZHVMWV","child":[{"type":"module","sort_order":"1","specific_class":"","module_name":"homefeatured","id_unique":"it_ZZDLRTHOKSUP","origin_hook":"displayHome","child":false}]}]}]},{"type":"wrapper","sort_order":"3","specific_class":"home2 wrap3","id_unique":"it_UAXQUGBPCKXJ","child":[{"type":"row","sort_order":"1","specific_class":"full-width","id_unique":"it_WXJXVEKHCAGW","child":[{"type":"col","sort_order":"1","specific_class":"container","col_xs":"col-xs-12","col_sm":"col-sm-12","col_md":"col-md-12","col_lg":"col-lg-12","id_unique":"it_PNVVFFDZBXBJ","child":[{"type":"module","sort_order":"1","specific_class":"","module_name":"themeconfigurator","id_unique":"it_JNYTPPSMYDGO","origin_hook":"displayHome","child":false}]}]}]}]