[{"type":"wrapper","sort_order":"4","specific_class":"home1 wrap2","id_unique":"it_UXWXSFABQJBJ","child":[{"type":"row","sort_order":"1","specific_class":"","id_unique":"it_BIYTGEJEDIIW","child":[{"type":"col","sort_order":"1","specific_class":"","col_xs":"col-xs-12","col_sm":"col-sm-12","col_md":"col-md-12","col_lg":"col-lg-12","id_unique":"it_CYAQEQGBAWTZ","child":[{"type":"module","sort_order":"1","specific_class":"","module_name":"tmproductsslider","id_unique":"it_OAAADMOALSIL","origin_hook":"displayHome","child":false}]}]}]},{"type":"wrapper","sort_order":"3","specific_class":"home1 wrap3","id_unique":"it_YDYAOWJKVBWM","child":[{"type":"row","sort_order":"1","specific_class":"full-width","id_unique":"it_FYSMYEXPTGTU","child":[{"type":"col","sort_order":"1","specific_class":"container","col_xs":"col-xs-12","col_sm":"col-sm-12","col_md":"col-md-12","col_lg":"col-lg-12","id_unique":"it_CLKTPUNVRZCW","child":[{"type":"module","sort_order":"1","specific_class":"","module_name":"smartbloghomelatestnews","id_unique":"it_IKVUUDTEIOHI","origin_hook":"displayHome","child":false}]}]}]},{"type":"wrapper","sort_order":"1","specific_class":"home1 wrap1","id_unique":"it_VJAQETWRFLZR","child":[{"type":"row","sort_order":"1","specific_class":"full-width","id_unique":"it_UAZGNIBDNTOO","child":[{"type":"col","sort_order":"1","specific_class":"container","col_xs":"col-xs-12","col_sm":"col-sm-12","col_md":"col-md-12","col_lg":"col-lg-12","id_unique":"it_TZYKJVGOJCBT","child":[{"type":"module","sort_order":"1","specific_class":"","module_name":"themeconfigurator","id_unique":"it_ZYHLQLVUTQLT","origin_hook":"displayHome","child":false}]}]}]},{"type":"wrapper","sort_order":"2","specific_class":"","id_unique":"it_JSHFWHDAAZJI","child":[{"type":"row","sort_order":"1","specific_class":"","id_unique":"it_RPGAHJNVLKLL","child":[{"type":"col","sort_order":"1","specific_class":"","col_xs":"col-xs-12","col_sm":"col-sm-12","col_md":"col-md-12","col_lg":"col-lg-12","id_unique":"it_SQGNSWQQLCZF","child":[{"type":"module","sort_order":"1","specific_class":"","module_name":"homefeatured","id_unique":"it_LTOSVJSGYYCN","origin_hook":"displayHome","child":false}]}]}]}]