[{"type":"wrapper","sort_order":"1","specific_class":"topColumn3","id_unique":"it_DMYUNEQSKIEE","child":[{"type":"row","sort_order":"1","specific_class":"","id_unique":"it_YCUUPFMIGHKS","child":[{"type":"col","sort_order":"1","specific_class":"","col_xs":"col-xs-12","col_sm":"col-sm-12","col_md":"col-md-12","col_lg":"col-lg-12","id_unique":"it_TOLNEFRJCJRC","child":[{"type":"module","sort_order":"1","specific_class":"","module_name":"homeslider","id_unique":"it_DQHRUYQOVAAF","origin_hook":"displayTopColumn","child":false}]}]}]}]